Product ID,Name,Description,Price,Stock Quantity
1,Chocolate - Liqueur Cups With Foil,Quisque ut erat.,66.33,205
2,Soup - Campbells Tomato Ravioli,Proin risus. Praesent lectus.,94.3,59
3,Beef - Shank,Proin eu mi. Nulla ac enim.,48.95,37
4,Cheese - Brie Roitelet,Fusce consequat.,69.47,289
5,Appetizer - Crab And Brie,Nullam varius. Nulla facilisi.,79.3,134
6,Catfish - Fillets,Proin eu mi. Nulla ac enim.,50.35,11
7,Cherries - Frozen,Aliquam erat volutpat. In congue.,14.85,293
8,Triple Sec - Mcguinness,Vestibulum sed magna at nunc commodo placerat.,1.78,33
9,"Pasta - Orzo, Dry",Integer ac neque. Duis bibendum.,3.0,172
10,Energy - Boo - Koo,"In est risus, auctor sed, tristique in, tempus sit amet, sem.",22.16,211
11,"Oil - Shortening,liqud, Fry",In hac habitasse platea dictumst.,68.84,282
12,Pastry - Cherry Danish - Mini,"In blandit ultrices enim. Lorem ipsum dolor sit amet, consectetuer adipiscing elit.",90.03,211
13,Cheese - Parmesan Grated,Suspendisse accumsan tortor quis turpis.,16.73,209
14,Chocolate Liqueur - Godet White,"Aliquam augue quam, sollicitudin vitae, consectetuer eget, rutrum at, lorem.",23.41,165
15,Cucumber - English,Duis ac nibh.,56.61,153
16,"Juice - Clamato, 341 Ml",Aliquam sit amet diam in magna bibendum imperdiet.,75.65,105
17,Mix - Cocktail Strawberry Daiquiri,"Nullam orci pede, venenatis non, sodales sed, tincidunt eu, felis.",94.82,122
18,"Syrup - Monin, Irish Cream",Suspendisse potenti.,54.17,79
19,Long Island Ice Tea,Etiam faucibus cursus urna.,88.37,39
20,Soup - Cream Of Potato / Leek,Integer ac neque.,24.16,23
21,"Pepper - Julienne, Frozen",Morbi non lectus. Aliquam sit amet diam in magna bibendum imperdiet.,96.79,1
22,Muffin Batt - Choc Chk,"Morbi ut odio. Cras mi pede, malesuada in, imperdiet et, commodo vulputate, justo.",93.73,164
23,Slt - Individual Portions,Vivamus in felis eu sapien cursus vestibulum.,50.38,8
24,V8 - Berry Blend,Vestibulum ante ipsum primis in faucibus orci luctus et ultrices posuere cubilia Curae; Duis faucibus accumsan odio. Curabitur convallis.,85.03,33
25,Wine - Barbera Alba Doc 2001,Duis mattis egestas metus.,7.5,94
26,"Beef - Rib Roast, Cap On",Sed sagittis.,89.37,72
27,Bar - Granola Trail Mix Fruit Nut,Cras in purus eu magna vulputate luctus.,44.97,1
28,Stainless Steel Cleaner Vision,"In tempor, turpis nec euismod scelerisque, quam turpis adipiscing lorem, vitae mattis nibh ligula nec sem.",80.09,166
29,Pate Pans Yellow,"Morbi odio odio, elementum eu, interdum eu, tincidunt in, leo. Maecenas pulvinar lobortis est.",55.26,115
30,Chicken - Tenderloin,Vivamus vel nulla eget eros elementum pellentesque. Quisque porta volutpat erat.,3.12,252
31,Langers - Cranberry Cocktail,Phasellus sit amet erat.,32.33,297
32,Curry Powder,Etiam faucibus cursus urna.,97.59,46
33,Garbage Bag - Clear,"Nam nulla. Integer pede justo, lacinia eget, tincidunt eget, tempus vel, pede.",39.95,96
34,Liqueur - Melon,Duis mattis egestas metus. Aenean fermentum.,96.37,297
35,Vaccum Bag - 14x20,"Mauris enim leo, rhoncus sed, vestibulum sit amet, cursus id, turpis. Integer aliquet, massa id lobortis convallis, tortor risus dapibus augue, vel accumsan tellus nisi eu orci.",26.61,158
36,"Wine - Red, Cabernet Merlot",Duis bibendum.,18.68,115
37,Beer - Original Organic Lager,Curabitur gravida nisi at nibh. In hac habitasse platea dictumst.,81.87,47
38,Huck Towels White,"Nullam orci pede, venenatis non, sodales sed, tincidunt eu, felis.",17.01,200
39,Milkettes - 2%,Morbi non lectus.,48.97,122
40,Pail With Metal Handle 16l White,"Donec vitae nisi. Nam ultrices, libero non mattis pulvinar, nulla pede ullamcorper augue, a suscipit nulla elit ac nulla.",22.72,67
41,Isomalt,"Cras pellentesque volutpat dui. Maecenas tristique, est et tempus semper, est quam pharetra magna, ac consequat metus sapien ut nunc.",97.75,299
42,Sauce - Rosee,"Vestibulum ante ipsum primis in faucibus orci luctus et ultrices posuere cubilia Curae; Nulla dapibus dolor vel est. Donec odio justo, sollicitudin ut, suscipit a, feugiat et, eros.",25.42,188
43,Nougat - Paste / Cream,"Morbi sem mauris, laoreet ut, rhoncus aliquet, pulvinar sed, nisl.",31.91,74
44,Sherry - Dry,Aliquam erat volutpat. In congue.,21.59,213
45,Veal - Ground,Phasellus id sapien in sapien iaculis congue.,65.22,180
46,"Asparagus - White, Canned",Vestibulum ante ipsum primis in faucibus orci luctus et ultrices posuere cubilia Curae; Mauris viverra diam vitae quam. Suspendisse potenti.,27.75,156
47,Stock - Fish,"Morbi odio odio, elementum eu, interdum eu, tincidunt in, leo.",72.12,292
48,Ecolab - Mikroklene 4/4 L,Aliquam erat volutpat.,65.08,25
49,Coffee Beans - Chocolate,"Donec odio justo, sollicitudin ut, suscipit a, feugiat et, eros. Vestibulum ac est lacinia nisi venenatis tristique.",33.62,212
50,Potatoes - Fingerling 4 Oz,"Morbi quis tortor id nulla ultrices aliquet. Maecenas leo odio, condimentum id, luctus nec, molestie sed, justo.",55.03,41
51,"Yogurt - Banana, 175 Gr",Suspendisse potenti. In eleifend quam a odio.,5.67,46
52,Burger Veggie,Praesent blandit lacinia erat. Vestibulum sed magna at nunc commodo placerat.,9.61,51
53,Cookies - Fortune,Mauris lacinia sapien quis libero. Nullam sit amet turpis elementum ligula vehicula consequat.,0.41,266
54,Plaintain,Etiam vel augue.,11.77,110
55,"Ranchero - Primerba, Paste","In hac habitasse platea dictumst. Aliquam augue quam, sollicitudin vitae, consectetuer eget, rutrum at, lorem.",81.65,295
56,Bar - Sweet And Salty Chocolate,Nulla facilisi. Cras non velit nec nisi vulputate nonummy.,93.5,122
57,"Yogurt - Raspberry, 175 Gr","Vestibulum ante ipsum primis in faucibus orci luctus et ultrices posuere cubilia Curae; Donec pharetra, magna vestibulum aliquet ultrices, erat tortor sollicitudin mi, sit amet lobortis sapien sapien non mi.",33.04,215
58,Cheese - Cottage Cheese,Nam nulla.,77.53,192
59,"Onions - Dried, Chopped",Donec quis orci eget orci vehicula condimentum.,0.59,22
60,"Beef - Chuck, Boneless","Quisque erat eros, viverra eget, congue eget, semper rutrum, nulla.",43.67,173
61,"Crab - Back Fin Meat, Canned",Curabitur gravida nisi at nibh. In hac habitasse platea dictumst.,33.84,215
62,Ham - Virginia,Nulla suscipit ligula in lacus. Curabitur at ipsum ac tellus semper interdum.,35.29,139
63,"Veal - Tenderloin, Untrimmed",Vivamus vestibulum sagittis sapien.,3.55,184
64,Oats Large Flake,Vestibulum rutrum rutrum neque. Aenean auctor gravida sem.,47.56,118
65,Marzipan 50/50,"Sed sagittis. Nam congue, risus semper porta volutpat, quam pede lobortis ligula, sit amet eleifend pede libero quis orci.",49.1,231
66,"Pepsi, 355 Ml","Nam ultrices, libero non mattis pulvinar, nulla pede ullamcorper augue, a suscipit nulla elit ac nulla. Sed vel enim sit amet nunc viverra dapibus.",89.86,8
67,Pepper - Red Bell,Integer ac neque.,29.54,142
68,Soup - Campbells - Tomato,Phasellus id sapien in sapien iaculis congue.,37.01,222
69,Smoked Tongue,Morbi non lectus.,58.36,200
70,Coffee - Flavoured,"Nam ultrices, libero non mattis pulvinar, nulla pede ullamcorper augue, a suscipit nulla elit ac nulla. Sed vel enim sit amet nunc viverra dapibus.",38.93,261
71,Honey - Liquid,Etiam justo.,9.03,14
72,Arizona - Plum Green Tea,Suspendisse accumsan tortor quis turpis.,65.86,286
73,Coffee Cup 12oz 5342cd,Curabitur gravida nisi at nibh. In hac habitasse platea dictumst.,5.8,21
74,Rosemary - Fresh,Nulla nisl.,68.83,1
75,Hersey Shakes,Nulla ac enim.,55.01,6
76,Salad Dressing,"Cras mi pede, malesuada in, imperdiet et, commodo vulputate, justo.",64.23,62
77,Coffee Cup 16oz Foam,"Fusce congue, diam id ornare imperdiet, sapien urna pretium nisl, ut volutpat sapien arcu sed augue. Aliquam erat volutpat.",45.94,244
78,Filling - Mince Meat,Curabitur at ipsum ac tellus semper interdum.,86.92,94
79,V8 - Berry Blend,Integer ac neque.,9.75,196
80,Blueberries,"Vivamus vestibulum sagittis sapien. Cum sociis natoque penatibus et magnis dis parturient montes, nascetur ridiculus mus.",38.54,87
81,Puree - Mango,In eleifend quam a odio.,78.3,252
82,Strawberries,Integer a nibh.,94.39,185
83,Sea Bass - Whole,"Lorem ipsum dolor sit amet, consectetuer adipiscing elit.",7.02,208
84,"Basil - Primerba, Paste",Donec posuere metus vitae ipsum.,74.99,252
85,Buttons,Nulla tempus. Vivamus in felis eu sapien cursus vestibulum.,44.59,1
86,Celery,Vestibulum ante ipsum primis in faucibus orci luctus et ultrices posuere cubilia Curae; Nulla dapibus dolor vel est.,31.7,259
87,Sterno - Chafing Dish Fuel,Vivamus tortor. Duis mattis egestas metus.,91.06,66
88,Water - San Pellegrino,Etiam vel augue. Vestibulum rutrum rutrum neque.,86.61,217
89,"Artichoke - Bottom, Canned",Nullam porttitor lacus at turpis. Donec posuere metus vitae ipsum.,87.02,89
90,"Water - Spring Water, 355 Ml",Nulla facilisi. Cras non velit nec nisi vulputate nonummy.,47.67,108
91,Turkey - Oven Roast Breast,Nullam sit amet turpis elementum ligula vehicula consequat. Morbi a ipsum.,77.04,299
92,"Bread - Roll, Calabrese",Proin risus. Praesent lectus.,14.19,288
93,Hold Up Tool Storage Rack,"Lorem ipsum dolor sit amet, consectetuer adipiscing elit. Proin interdum mauris non ligula pellentesque ultrices.",72.13,27
94,Lettuce - Baby Salad Greens,Etiam pretium iaculis justo. In hac habitasse platea dictumst.,89.93,26
95,Clams - Canned,Fusce posuere felis sed lacus.,35.73,219
96,The Pop Shoppe - Black Cherry,Vestibulum ante ipsum primis in faucibus orci luctus et ultrices posuere cubilia Curae; Nulla dapibus dolor vel est.,22.18,225
97,"Salt - Rock, Course",Pellentesque ultrices mattis odio.,97.71,61
98,Pike - Frozen Fillet,"In hac habitasse platea dictumst. Aliquam augue quam, sollicitudin vitae, consectetuer eget, rutrum at, lorem.",79.82,148
99,Ecolab - Lime - A - Way 4/4 L,Pellentesque ultrices mattis odio.,58.76,182
100,"Iced Tea - Lemon, 460 Ml",Morbi quis tortor id nulla ultrices aliquet.,92.98,53
101,Horseradish Root,Etiam justo.,75.34,268
102,"Beans - Turtle, Black, Dry",In congue. Etiam justo.,11.7,133
103,Wine - Sawmill Creek Autumn,Quisque id justo sit amet sapien dignissim vestibulum.,79.57,221
104,Kellogs All Bran Bars,Nulla tellus. In sagittis dui vel nisl.,69.44,214
105,"Lemonade - Kiwi, 591 Ml","In est risus, auctor sed, tristique in, tempus sit amet, sem. Fusce consequat.",27.98,43
106,Grenadine,Duis mattis egestas metus. Aenean fermentum.,8.99,179
107,Venison - Ground,Duis mattis egestas metus. Aenean fermentum.,41.22,178
108,"Tomatoes - Plum, Canned",Proin interdum mauris non ligula pellentesque ultrices.,75.96,24
109,Beer - Blue,Pellentesque ultrices mattis odio. Donec vitae nisi.,65.49,20
110,Lemons,Nullam sit amet turpis elementum ligula vehicula consequat.,78.32,275
111,Coffee - Ristretto Coffee Capsule,Etiam faucibus cursus urna.,82.22,117
112,Cheese - Parmigiano Reggiano,"Aliquam sit amet diam in magna bibendum imperdiet. Nullam orci pede, venenatis non, sodales sed, tincidunt eu, felis.",77.55,14
113,Catfish - Fillets,Aenean sit amet justo.,87.44,295
114,Bacon Strip Precooked,"Morbi vestibulum, velit id pretium iaculis, diam erat fermentum justo, nec condimentum neque sapien placerat ante.",10.88,214
115,Pasta - Canelloni,Morbi quis tortor id nulla ultrices aliquet.,54.16,129
116,Chinese Foods - Cantonese,"Cum sociis natoque penatibus et magnis dis parturient montes, nascetur ridiculus mus. Etiam vel augue.",95.37,135
117,Cheese Cloth,Morbi quis tortor id nulla ultrices aliquet.,5.52,26
118,Pork - Ground,Sed ante.,63.49,210
119,Lettuce - Romaine,"Cum sociis natoque penatibus et magnis dis parturient montes, nascetur ridiculus mus.",96.89,254
120,"Bread - Pullman, Sliced",Curabitur at ipsum ac tellus semper interdum. Mauris ullamcorper purus sit amet nulla.,80.52,17
121,Soap - Pine Sol Floor Cleaner,Nulla justo. Aliquam quis turpis eget elit sodales scelerisque.,88.01,126
122,Sprouts - China Rose,Maecenas tincidunt lacus at velit. Vivamus vel nulla eget eros elementum pellentesque.,20.38,36
123,Bread - Corn Muffaleta Onion,Suspendisse accumsan tortor quis turpis.,91.85,114
124,"Soup - Cream Of Broccoli, Dry",Integer ac leo. Pellentesque ultrices mattis odio.,20.64,41
125,Kiwano,Phasellus sit amet erat. Nulla tempus.,55.07,227
126,Oil - Grapeseed Oil,"Vivamus metus arcu, adipiscing molestie, hendrerit at, vulputate vitae, nisl. Aenean lectus.",91.48,183
127,Sobe - Liz Blizz,"Proin leo odio, porttitor id, consequat in, consequat ut, nulla. Sed accumsan felis.",99.27,284
128,"Beef - Cooked, Corned",Donec quis orci eget orci vehicula condimentum.,10.71,84
129,Cloves - Whole,Nulla facilisi.,88.26,162
130,Cheese - Le Cru Du Clocher,Nulla justo. Aliquam quis turpis eget elit sodales scelerisque.,91.68,155
131,Jerusalem Artichoke,Proin eu mi. Nulla ac enim.,57.7,295
132,Beans - Green,Aenean sit amet justo. Morbi ut odio.,16.36,188
133,Cookie Dough - Peanut Butter,"Integer aliquet, massa id lobortis convallis, tortor risus dapibus augue, vel accumsan tellus nisi eu orci. Mauris lacinia sapien quis libero.",86.18,115
134,Cake - French Pear Tart,Ut tellus. Nulla ut erat id mauris vulputate elementum.,21.94,140
135,"Star Anise, Whole","Cras mi pede, malesuada in, imperdiet et, commodo vulputate, justo.",96.55,131
136,Cake - Dulce De Leche,Sed accumsan felis.,11.64,274
137,Blue Curacao - Marie Brizard,Integer ac leo. Pellentesque ultrices mattis odio.,95.65,54
138,"Asparagus - White, Canned",Morbi vel lectus in quam fringilla rhoncus.,68.95,230
139,"Sugar - Sweet N Low, Individual",Quisque porta volutpat erat.,92.54,69
140,Cookies - Assorted,Vivamus vestibulum sagittis sapien.,2.17,112
141,Squash - Guords,Vestibulum rutrum rutrum neque.,12.16,128
142,Beef - Tenderloin Tails,Pellentesque at nulla.,65.45,174
143,Longos - Cheese Tortellini,Phasellus sit amet erat. Nulla tempus.,53.61,72
144,Pepper - Green Thai,Curabitur at ipsum ac tellus semper interdum.,26.49,137
145,Pate Pans Yellow,"Cras in purus eu magna vulputate luctus. Cum sociis natoque penatibus et magnis dis parturient montes, nascetur ridiculus mus.",49.28,113
146,Fireball Whisky,"Nullam orci pede, venenatis non, sodales sed, tincidunt eu, felis. Fusce posuere felis sed lacus.",34.71,112
147,Petite Baguette,"Cras mi pede, malesuada in, imperdiet et, commodo vulputate, justo.",12.52,293
148,Yokaline,Quisque porta volutpat erat.,20.27,39
149,"Mustard - Dry, Powder",Etiam justo. Etiam pretium iaculis justo.,23.68,187
150,Pepper - Pablano,"Sed sagittis. Nam congue, risus semper porta volutpat, quam pede lobortis ligula, sit amet eleifend pede libero quis orci.",48.99,1
151,Irish Cream - Baileys,"Lorem ipsum dolor sit amet, consectetuer adipiscing elit.",93.95,73
152,"Clams - Littleneck, Whole","Nam congue, risus semper porta volutpat, quam pede lobortis ligula, sit amet eleifend pede libero quis orci. Nullam molestie nibh in lectus.",82.3,127
153,"Wine - White, Mosel Gold","Quisque erat eros, viverra eget, congue eget, semper rutrum, nulla. Nunc purus.",85.74,235
154,"Apple - Delicious, Red","Phasellus id sapien in sapien iaculis congue. Vivamus metus arcu, adipiscing molestie, hendrerit at, vulputate vitae, nisl.",92.09,144
155,Beef - Bresaola,Proin interdum mauris non ligula pellentesque ultrices.,2.24,288
156,Soup - Campbells Mac N Cheese,Phasellus in felis. Donec semper sapien a libero.,9.1,195
157,Veal - Nuckle,Vestibulum sed magna at nunc commodo placerat.,43.71,177
158,Spinach - Spinach Leaf,Donec semper sapien a libero.,84.37,290
159,Veal - Ground,Donec semper sapien a libero.,37.63,112
160,Soup - Campbells Broccoli,"Nam congue, risus semper porta volutpat, quam pede lobortis ligula, sit amet eleifend pede libero quis orci.",2.45,247
161,Cookie - Oreo 100x2,"Nullam orci pede, venenatis non, sodales sed, tincidunt eu, felis. Fusce posuere felis sed lacus.",69.77,9
162,Puree - Mocha,"Curabitur in libero ut massa volutpat convallis. Morbi odio odio, elementum eu, interdum eu, tincidunt in, leo.",5.92,100
163,Compound - Strawberry,"Quisque porta volutpat erat. Quisque erat eros, viverra eget, congue eget, semper rutrum, nulla.",38.25,147
164,Garlic - Elephant,Maecenas ut massa quis augue luctus tincidunt. Nulla mollis molestie lorem.,8.48,210
165,Pail For Lid 1537,"Vivamus metus arcu, adipiscing molestie, hendrerit at, vulputate vitae, nisl. Aenean lectus.",70.95,136
166,Ice Cream Bar - Drumstick,"Donec vitae nisi. Nam ultrices, libero non mattis pulvinar, nulla pede ullamcorper augue, a suscipit nulla elit ac nulla.",51.13,77
167,"Veal - Brisket, Provimi, Bone - In",Nam tristique tortor eu pede.,75.4,197
168,Beef - Montreal Smoked Brisket,Vestibulum ante ipsum primis in faucibus orci luctus et ultrices posuere cubilia Curae; Mauris viverra diam vitae quam.,36.53,15
169,Cream - 10%,Curabitur at ipsum ac tellus semper interdum.,87.54,27
170,Shrimp - Black Tiger 6 - 8,"Donec vitae nisi. Nam ultrices, libero non mattis pulvinar, nulla pede ullamcorper augue, a suscipit nulla elit ac nulla.",6.43,155
171,Bread - Rye,Cras non velit nec nisi vulputate nonummy.,12.26,166
172,Broom And Broom Rack White,Cras non velit nec nisi vulputate nonummy.,20.83,86
173,Lamb - Whole Head Off,Ut tellus. Nulla ut erat id mauris vulputate elementum.,30.96,256
174,Cactus Pads,"Mauris ullamcorper purus sit amet nulla. Quisque arcu libero, rutrum ac, lobortis vel, dapibus at, diam.",57.22,158
175,Wine - Champagne Brut Veuve,Donec quis orci eget orci vehicula condimentum.,75.96,12
176,Pear - Halves,Cras non velit nec nisi vulputate nonummy.,92.56,114
177,Chicken Giblets,Etiam vel augue.,96.45,295
178,"Bread - Dark Rye, Loaf",Etiam pretium iaculis justo. In hac habitasse platea dictumst.,65.04,282
179,Fuji Apples,Suspendisse potenti.,79.7,25
180,"Wine - Red, Colio Cabernet",Nulla ut erat id mauris vulputate elementum.,94.57,162
181,Limes,Morbi non quam nec dui luctus rutrum. Nulla tellus.,33.64,43
182,Bar - Sweet And Salty Chocolate,Morbi quis tortor id nulla ultrices aliquet.,10.02,256
183,Miso Paste White,"Fusce lacus purus, aliquet at, feugiat non, pretium quis, lectus. Suspendisse potenti.",91.7,215
184,"Artichokes - Knobless, White","Morbi vestibulum, velit id pretium iaculis, diam erat fermentum justo, nec condimentum neque sapien placerat ante. Nulla justo.",86.03,246
185,"Beans - Black Bean, Preserved",Nulla facilisi.,57.8,15
186,Bacardi Limon,Vestibulum ante ipsum primis in faucibus orci luctus et ultrices posuere cubilia Curae; Duis faucibus accumsan odio.,95.41,181
187,Flour Dark Rye,Aenean fermentum.,28.6,93
188,Nantucket Orange Juice,Ut tellus.,31.77,65
189,"Juice - Apple, 341 Ml","Vestibulum ante ipsum primis in faucibus orci luctus et ultrices posuere cubilia Curae; Nulla dapibus dolor vel est. Donec odio justo, sollicitudin ut, suscipit a, feugiat et, eros.",92.32,182
190,Sausage - Meat,Nulla tempus. Vivamus in felis eu sapien cursus vestibulum.,71.02,127
191,Pickerel - Fillets,"Integer aliquet, massa id lobortis convallis, tortor risus dapibus augue, vel accumsan tellus nisi eu orci.",43.43,142
192,"Capon - Breast, Wing On",In congue. Etiam justo.,60.06,194
193,Energy Drink Red Bull,Nunc nisl.,39.1,167
194,"Yogurt - Strawberry, 175 Gr",Sed ante.,54.83,91
195,Spice - Paprika,"Integer pede justo, lacinia eget, tincidunt eget, tempus vel, pede.",86.01,230
196,Foam Tray S2,Praesent blandit. Nam nulla.,77.35,3
197,Cheese - Grie Des Champ,Integer ac leo. Pellentesque ultrices mattis odio.,34.77,52
198,Broom And Brush Rack Black,Nullam porttitor lacus at turpis.,29.32,225
199,Wine - Delicato Merlot,Duis consequat dui nec nisi volutpat eleifend.,43.31,25
200,Beans - Yellow,"In blandit ultrices enim. Lorem ipsum dolor sit amet, consectetuer adipiscing elit.",23.07,3
201,Buffalo - Short Rib Fresh,Praesent blandit. Nam nulla.,40.15,145
202,Passion Fruit,Pellentesque ultrices mattis odio. Donec vitae nisi.,95.17,137
203,Containter - 3oz Microwave Rect.,"Vestibulum ante ipsum primis in faucibus orci luctus et ultrices posuere cubilia Curae; Donec pharetra, magna vestibulum aliquet ultrices, erat tortor sollicitudin mi, sit amet lobortis sapien sapien non mi.",64.45,169
204,Parsnip,Proin risus. Praesent lectus.,14.67,208
205,Pineapple - Regular,"In hac habitasse platea dictumst. Morbi vestibulum, velit id pretium iaculis, diam erat fermentum justo, nec condimentum neque sapien placerat ante.",6.38,197
206,"Juice - Clamato, 341 Ml",Proin eu mi. Nulla ac enim.,14.52,235
207,Worcestershire Sauce,Cras in purus eu magna vulputate luctus.,91.18,38
208,Rice - Basmati,Suspendisse potenti. In eleifend quam a odio.,93.49,284
209,Puree - Guava,Mauris lacinia sapien quis libero. Nullam sit amet turpis elementum ligula vehicula consequat.,11.78,294
210,Pop Shoppe Cream Soda,"Fusce lacus purus, aliquet at, feugiat non, pretium quis, lectus.",28.0,109
211,Lettuce - Lambs Mash,"Nulla ac enim. In tempor, turpis nec euismod scelerisque, quam turpis adipiscing lorem, vitae mattis nibh ligula nec sem.",66.79,230
212,Sauce - Vodka Blush,"Phasellus id sapien in sapien iaculis congue. Vivamus metus arcu, adipiscing molestie, hendrerit at, vulputate vitae, nisl.",38.23,208
213,Chick Peas - Canned,Aliquam sit amet diam in magna bibendum imperdiet.,1.54,129
214,Canada Dry,Integer ac neque. Duis bibendum.,9.62,56
215,"Tortillas - Flour, 10",Sed accumsan felis. Ut at dolor quis odio consequat varius.,3.96,11
216,Coffee Beans - Chocolate,Mauris lacinia sapien quis libero.,76.26,253
217,Cheese - Comte,Duis at velit eu est congue elementum. In hac habitasse platea dictumst.,13.91,268
218,"Syrup - Monin, Swiss Choclate",Duis mattis egestas metus. Aenean fermentum.,7.36,137
219,French Kiss Vanilla,Suspendisse potenti. In eleifend quam a odio.,42.54,272
220,Milk 2% 500 Ml,Integer ac leo.,40.9,260
221,Pepper - Red Chili,Nullam sit amet turpis elementum ligula vehicula consequat.,80.21,104
222,"Chicken - Thigh, Bone In",Integer a nibh.,86.46,201
223,Cheese - Cream Cheese,Sed accumsan felis.,45.74,123
224,Tobasco Sauce,"Morbi vestibulum, velit id pretium iaculis, diam erat fermentum justo, nec condimentum neque sapien placerat ante. Nulla justo.",98.86,36
225,"Nut - Hazelnut, Ground, Natural",Praesent blandit.,98.33,238
226,Oil - Sunflower,Nulla tempus.,51.53,140
227,"Doilies - 7, Paper",Pellentesque ultrices mattis odio. Donec vitae nisi.,25.18,239
228,Wine - Cave Springs Dry Riesling,Donec dapibus. Duis at velit eu est congue elementum.,13.76,116
229,Muffin Mix - Morning Glory,Duis at velit eu est congue elementum.,79.91,100
230,Beans - Fava Fresh,Aenean auctor gravida sem. Praesent id massa id nisl venenatis lacinia.,2.11,235
231,Crackers - Soda / Saltins,Morbi porttitor lorem id ligula.,25.08,51
232,Sausage - Breakfast,Donec dapibus. Duis at velit eu est congue elementum.,93.48,268
233,Apple - Custard,Sed accumsan felis.,36.23,153
234,Beef - Striploin,"Duis bibendum, felis sed interdum venenatis, turpis enim blandit mi, in porttitor pede justo eu massa. Donec dapibus.",9.1,39
235,Longan,Vivamus tortor. Duis mattis egestas metus.,77.92,20
236,Bacardi Limon,"Integer aliquet, massa id lobortis convallis, tortor risus dapibus augue, vel accumsan tellus nisi eu orci.",17.04,275
237,Steamers White,Morbi quis tortor id nulla ultrices aliquet.,62.79,165
238,Pork - Backfat,Praesent blandit lacinia erat.,85.37,281
239,"Oil - Olive, Extra Virgin","Cum sociis natoque penatibus et magnis dis parturient montes, nascetur ridiculus mus.",61.19,256
240,Onions - Green,"Cum sociis natoque penatibus et magnis dis parturient montes, nascetur ridiculus mus.",86.43,216
241,Calypso - Strawberry Lemonade,"Proin leo odio, porttitor id, consequat in, consequat ut, nulla.",34.35,40
242,Cookie - Oreo 100x2,Nullam sit amet turpis elementum ligula vehicula consequat. Morbi a ipsum.,92.26,20
243,"Chicken - Thigh, Bone In",Pellentesque viverra pede ac diam.,34.39,233
244,Tamarillo,"Maecenas tristique, est et tempus semper, est quam pharetra magna, ac consequat metus sapien ut nunc.",99.47,189
245,Paper - Brown Paper Mini Cups,Mauris sit amet eros.,83.77,285
246,Port - 74 Brights,Morbi non lectus.,63.66,281
247,Cheese - Comte,Mauris lacinia sapien quis libero.,90.42,243
248,"Wine - Magnotta - Red, Baco","Vestibulum ante ipsum primis in faucibus orci luctus et ultrices posuere cubilia Curae; Nulla dapibus dolor vel est. Donec odio justo, sollicitudin ut, suscipit a, feugiat et, eros.",30.03,67
249,Wine - Gato Negro Cabernet,Suspendisse potenti. Cras in purus eu magna vulputate luctus.,33.86,282
250,Steel Wool S.o.s,Integer ac leo. Pellentesque ultrices mattis odio.,60.38,151
251,Fireball Whisky,Donec ut dolor. Morbi vel lectus in quam fringilla rhoncus.,50.84,52
252,Sage Derby,Morbi quis tortor id nulla ultrices aliquet.,41.07,63
253,"Pasta - Cappellini, Dry",Fusce consequat. Nulla nisl.,9.31,57
254,Beef Dry Aged Tenderloin Aaa,Pellentesque ultrices mattis odio.,43.58,173
255,Cookie Dough - Double,Phasellus id sapien in sapien iaculis congue.,38.36,156
256,Sandwich Wrap,"In blandit ultrices enim. Lorem ipsum dolor sit amet, consectetuer adipiscing elit.",86.89,256
257,Rambutan,Nunc nisl.,50.97,36
258,Crab - Imitation Flakes,Praesent blandit.,34.64,221
259,Maintenance Removal Charge,"Morbi vestibulum, velit id pretium iaculis, diam erat fermentum justo, nec condimentum neque sapien placerat ante. Nulla justo.",89.53,188
260,Soap - Hand Soap,Nunc nisl.,60.28,116
261,Sugar - Cubes,Pellentesque viverra pede ac diam.,41.48,264
262,Beef - Bresaola,Donec posuere metus vitae ipsum.,38.43,157
263,Butcher Twine 4r,"Nullam orci pede, venenatis non, sodales sed, tincidunt eu, felis.",35.79,40
264,Muffin Mix - Carrot,Proin interdum mauris non ligula pellentesque ultrices.,69.53,169
265,"Rum - White, Gg White",Nulla suscipit ligula in lacus. Curabitur at ipsum ac tellus semper interdum.,43.96,114
266,"Wine - White, Pinot Grigio",Etiam justo. Etiam pretium iaculis justo.,85.58,231
267,Muffin Mix - Banana Nut,Pellentesque ultrices mattis odio.,39.51,10
268,Juice - Orange 1.89l,Pellentesque viverra pede ac diam.,1.41,156
269,Apricots - Dried,Etiam justo.,60.6,211
270,"Zucchini - Mini, Green",Proin at turpis a pede posuere nonummy.,75.58,176
271,"Wine - White, Riesling, Semi - Dry",Donec semper sapien a libero.,18.2,256
272,"Extract - Vanilla,artificial",Nulla suscipit ligula in lacus.,15.62,109
273,Sprouts - China Rose,Nunc purus.,9.12,222
274,Beer - Moosehead,"Morbi quis tortor id nulla ultrices aliquet. Maecenas leo odio, condimentum id, luctus nec, molestie sed, justo.",98.34,87
275,Soup - Campbells Pasta Fagioli,"Morbi vestibulum, velit id pretium iaculis, diam erat fermentum justo, nec condimentum neque sapien placerat ante.",63.54,270
276,Island Oasis - Cappucino Mix,Vestibulum ante ipsum primis in faucibus orci luctus et ultrices posuere cubilia Curae; Nulla dapibus dolor vel est.,17.02,14
277,Appetizer - Seafood Assortment,"Proin leo odio, porttitor id, consequat in, consequat ut, nulla.",6.21,4
278,Wine - Alicanca Vinho Verde,Sed vel enim sit amet nunc viverra dapibus. Nulla suscipit ligula in lacus.,95.32,159
279,Beef Wellington,Pellentesque viverra pede ac diam.,55.18,10
280,Cheese - Perron Cheddar,Ut at dolor quis odio consequat varius. Integer ac leo.,72.87,51
281,"Bread - Roll, Italian","Nam dui. Proin leo odio, porttitor id, consequat in, consequat ut, nulla.",30.87,88
282,Scotch - Queen Anne,"Integer aliquet, massa id lobortis convallis, tortor risus dapibus augue, vel accumsan tellus nisi eu orci. Mauris lacinia sapien quis libero.",26.23,174
283,Yoplait Drink,Sed ante. Vivamus tortor.,41.53,50
284,Syrup - Monin - Blue Curacao,Sed accumsan felis.,67.44,82
285,Creme De Banane - Marie,Suspendisse potenti.,39.33,271
286,Lemonade - Pineapple Passion,Aliquam non mauris.,39.57,291
287,Longos - Lasagna Veg,Donec vitae nisi.,21.13,261
288,Chambord Royal,Phasellus in felis. Donec semper sapien a libero.,27.5,219
289,Coffee Caramel Biscotti,"Morbi vestibulum, velit id pretium iaculis, diam erat fermentum justo, nec condimentum neque sapien placerat ante.",61.09,230
290,Quail Eggs - Canned,Pellentesque ultrices mattis odio.,31.5,8
291,Pork - Kidney,"Duis bibendum, felis sed interdum venenatis, turpis enim blandit mi, in porttitor pede justo eu massa. Donec dapibus.",39.6,29
292,Wine - Ej Gallo Sonoma,"Quisque porta volutpat erat. Quisque erat eros, viverra eget, congue eget, semper rutrum, nulla.",60.96,114
293,Table Cloth 91x91 Colour,"Praesent lectus. Vestibulum quam sapien, varius ut, blandit non, interdum in, ante.",99.63,223
294,"Cheese - Boursin, Garlic / Herbs",Curabitur at ipsum ac tellus semper interdum. Mauris ullamcorper purus sit amet nulla.,46.96,202
295,Ginger - Fresh,Mauris ullamcorper purus sit amet nulla.,91.21,29
296,Table Cloth 54x54 White,"Proin leo odio, porttitor id, consequat in, consequat ut, nulla.",10.97,86
297,Table Cloth 72x144 White,Aenean lectus. Pellentesque eget nunc.,72.15,224
298,Carbonated Water - Blackcherry,Morbi ut odio.,78.14,247
299,"Orange - Canned, Mandarin",Ut tellus.,84.71,184
300,Fudge - Cream Fudge,Ut at dolor quis odio consequat varius.,96.59,105
301,Appetizer - Veg Assortment,Donec posuere metus vitae ipsum. Aliquam non mauris.,50.83,282
302,Toamtoes 6x7 Select,Integer ac neque. Duis bibendum.,82.75,169
303,Glaze - Clear,Aliquam sit amet diam in magna bibendum imperdiet.,47.25,199
304,Beef - Salted,Vivamus in felis eu sapien cursus vestibulum.,21.47,156
305,Grapes - Green,In hac habitasse platea dictumst.,93.23,18
306,Sachet,Nam tristique tortor eu pede.,82.85,231
307,"Wine - White, Ej",Morbi porttitor lorem id ligula.,7.68,176
308,Chicken Breast Wing On,In quis justo. Maecenas rhoncus aliquam lacus.,36.95,298
309,Mousse - Mango,Duis consequat dui nec nisi volutpat eleifend. Donec ut dolor.,20.22,246
310,Grapes - Black,Phasellus id sapien in sapien iaculis congue.,66.16,288
311,Muffin - Bran Ind Wrpd,Suspendisse potenti.,23.78,152
312,"Wine - Magnotta, Merlot Sr Vqa",Duis bibendum.,23.21,52
313,Beer - Mcauslan Apricot,Ut tellus. Nulla ut erat id mauris vulputate elementum.,88.29,88
314,Glass Clear 8 Oz,In hac habitasse platea dictumst. Etiam faucibus cursus urna.,27.65,265
315,Turkey - Ground. Lean,"Integer aliquet, massa id lobortis convallis, tortor risus dapibus augue, vel accumsan tellus nisi eu orci. Mauris lacinia sapien quis libero.",86.25,131
316,Bread - Rye,Donec ut mauris eget massa tempor convallis.,84.98,160
317,"Nut - Cashews, Whole, Raw",Aenean fermentum.,15.26,143
318,Smoked Paprika,Vestibulum sed magna at nunc commodo placerat. Praesent blandit.,37.72,294
319,Potatoes - Yukon Gold 5 Oz,"Fusce lacus purus, aliquet at, feugiat non, pretium quis, lectus. Suspendisse potenti.",73.59,212
320,Water - Evian 355 Ml,"Aliquam augue quam, sollicitudin vitae, consectetuer eget, rutrum at, lorem. Integer tincidunt ante vel ipsum.",36.47,196
321,Sherry - Dry,In congue.,19.82,76
322,Pastry - Baked Cinnamon Stick,Donec vitae nisi.,51.51,140
323,"Bread - Roll, Italian",Curabitur gravida nisi at nibh. In hac habitasse platea dictumst.,78.95,253
324,Table Cloth 144x90 White,"Vivamus vestibulum sagittis sapien. Cum sociis natoque penatibus et magnis dis parturient montes, nascetur ridiculus mus.",83.07,214
325,Wine - Cotes Du Rhone Parallele,"Mauris enim leo, rhoncus sed, vestibulum sit amet, cursus id, turpis.",28.57,109
326,Lettuce - California Mix,"Donec odio justo, sollicitudin ut, suscipit a, feugiat et, eros.",70.62,184
327,Lemon Tarts,Nulla tempus. Vivamus in felis eu sapien cursus vestibulum.,0.87,298
328,Longos - Penne With Pesto,Vivamus in felis eu sapien cursus vestibulum. Proin eu mi.,57.32,170
329,Longos - Chicken Wings,Vivamus in felis eu sapien cursus vestibulum.,99.28,239
330,Cotton Wet Mop 16 Oz,Praesent blandit lacinia erat. Vestibulum sed magna at nunc commodo placerat.,34.56,285
331,Longos - Cheese Tortellini,"Proin leo odio, porttitor id, consequat in, consequat ut, nulla. Sed accumsan felis.",80.02,110
332,"7up Diet, 355 Ml",Praesent id massa id nisl venenatis lacinia. Aenean sit amet justo.,43.67,142
333,Nougat - Paste / Cream,Nulla ut erat id mauris vulputate elementum. Nullam varius.,84.22,239
334,Island Oasis - Cappucino Mix,"Morbi ut odio. Cras mi pede, malesuada in, imperdiet et, commodo vulputate, justo.",71.99,296
335,Garlic - Peeled,Sed sagittis.,49.2,223
336,Clams - Canned,Duis consequat dui nec nisi volutpat eleifend. Donec ut dolor.,44.01,104
337,Sprouts Dikon,In quis justo.,95.06,295
338,"Liners - Banana, Paper",Quisque id justo sit amet sapien dignissim vestibulum. Vestibulum ante ipsum primis in faucibus orci luctus et ultrices posuere cubilia Curae; Nulla dapibus dolor vel est.,72.27,46
339,Wine - Marlbourough Sauv Blanc,Praesent blandit lacinia erat. Vestibulum sed magna at nunc commodo placerat.,85.15,269
340,"Yogurt - Blueberry, 175 Gr","Suspendisse ornare consequat lectus. In est risus, auctor sed, tristique in, tempus sit amet, sem.",15.32,293
341,Wine - Chateauneuf Du Pape,Morbi porttitor lorem id ligula.,10.14,299
342,"Beef - Outside, Round",Nulla justo. Aliquam quis turpis eget elit sodales scelerisque.,20.64,66
343,Wine - Cotes Du Rhone Parallele,Proin eu mi. Nulla ac enim.,81.32,27
344,Papayas,Nunc purus.,44.43,23
345,"Ham - Smoked, Bone - In",Donec semper sapien a libero. Nam dui.,8.3,190
346,Glove - Cutting,Nulla suscipit ligula in lacus.,84.65,207
347,Pear - Halves,Nullam sit amet turpis elementum ligula vehicula consequat.,37.59,138
348,Tomato - Peeled Italian Canned,"Cras mi pede, malesuada in, imperdiet et, commodo vulputate, justo. In blandit ultrices enim.",98.66,253
349,Sugar - Monocystal / Rock,In hac habitasse platea dictumst. Etiam faucibus cursus urna.,31.6,20
350,Coffee - 10oz Cup 92961,Donec posuere metus vitae ipsum. Aliquam non mauris.,10.42,18
351,Corn Meal,Integer ac neque. Duis bibendum.,37.6,43
352,Plums - Red,Proin eu mi. Nulla ac enim.,23.46,67
353,Piping Jelly - All Colours,Nulla tellus.,23.11,263
354,Chinese Foods - Plain Fried Rice,Sed sagittis.,54.32,173
355,Alize Sunset,"In hac habitasse platea dictumst. Aliquam augue quam, sollicitudin vitae, consectetuer eget, rutrum at, lorem.",39.13,227
356,Veal - Heart,Suspendisse potenti. In eleifend quam a odio.,94.49,5
357,Oil - Cooking Spray,"Duis bibendum, felis sed interdum venenatis, turpis enim blandit mi, in porttitor pede justo eu massa. Donec dapibus.",16.78,50
358,Soup - Cream Of Potato / Leek,Aliquam quis turpis eget elit sodales scelerisque.,73.67,169
359,Liners - Baking Cups,Integer tincidunt ante vel ipsum.,60.03,101
360,Flour - Teff,Nulla facilisi.,39.36,277
361,Dried Figs,Integer tincidunt ante vel ipsum. Praesent blandit lacinia erat.,86.42,247
362,"Beef - Tongue, Cooked",Praesent lectus.,28.54,33
363,"Yogurt - Blueberry, 175 Gr","Morbi odio odio, elementum eu, interdum eu, tincidunt in, leo. Maecenas pulvinar lobortis est.",28.4,253
364,"Wine - Red, Pinot Noir, Chateau",Aenean fermentum.,88.66,234
365,Container - Hngd Cll Blk 7x7x3,Suspendisse potenti.,26.41,221
366,Pop Shoppe Cream Soda,"Fusce lacus purus, aliquet at, feugiat non, pretium quis, lectus. Suspendisse potenti.",86.85,293
367,Chambord Royal,Cras pellentesque volutpat dui.,32.37,211
368,Nectarines,"Donec vitae nisi. Nam ultrices, libero non mattis pulvinar, nulla pede ullamcorper augue, a suscipit nulla elit ac nulla.",45.96,140
369,"Pork - Bacon,back Peameal",Sed accumsan felis. Ut at dolor quis odio consequat varius.,8.1,131
370,Chutney Sauce - Mango,Curabitur convallis.,11.22,255
371,Steampan - Half Size Shallow,"In hac habitasse platea dictumst. Aliquam augue quam, sollicitudin vitae, consectetuer eget, rutrum at, lorem.",73.48,222
372,Bowl 12 Oz - Showcase 92012,Nulla tellus. In sagittis dui vel nisl.,63.15,12
373,Arizona - Green Tea,Suspendisse potenti.,29.89,135
374,Sugar - Individual Portions,In congue. Etiam justo.,68.85,45
375,Edible Flower - Mixed,Praesent lectus.,76.15,142
376,"Chicken - Leg, Fresh",Nulla nisl. Nunc nisl.,1.12,214
377,Energy - Boo - Koo,Nulla nisl. Nunc nisl.,1.02,98
378,Wine - Domaine Boyar Royal,In congue.,17.47,45
379,Mustard - Pommery,"In est risus, auctor sed, tristique in, tempus sit amet, sem.",30.68,75
380,Truffle Paste,Nam dui.,52.66,57
381,Green Tea Refresher,Morbi non lectus.,37.75,119
382,Butter Sweet,Morbi porttitor lorem id ligula.,3.48,177
383,Wine - Ruffino Chianti Classico,Integer tincidunt ante vel ipsum.,5.8,150
384,"Pork - Bacon, Sliced",Vestibulum ac est lacinia nisi venenatis tristique.,3.41,180
385,Muffin Mix - Lemon Cranberry,Morbi porttitor lorem id ligula. Suspendisse ornare consequat lectus.,21.48,45
386,Kiwi,"Lorem ipsum dolor sit amet, consectetuer adipiscing elit. Proin interdum mauris non ligula pellentesque ultrices.",99.14,29
387,Pears - Fiorelle,"Lorem ipsum dolor sit amet, consectetuer adipiscing elit.",72.87,122
388,Oil - Shortening - All - Purpose,Nulla ut erat id mauris vulputate elementum. Nullam varius.,64.35,208
389,Chips Potato Salt Vinegar 43g,Vestibulum rutrum rutrum neque.,92.15,253
390,"Cake Circle, Paprus",Nullam molestie nibh in lectus. Pellentesque at nulla.,60.27,73
391,Ice Cream Bar - Oreo Sandwich,Integer ac neque.,41.63,248
392,Cheese - Brie Roitelet,"Nullam orci pede, venenatis non, sodales sed, tincidunt eu, felis.",53.1,127
393,"Beans - Navy, Dry","Nam ultrices, libero non mattis pulvinar, nulla pede ullamcorper augue, a suscipit nulla elit ac nulla.",84.24,121
394,Oven Mitts 17 Inch,"Vivamus metus arcu, adipiscing molestie, hendrerit at, vulputate vitae, nisl. Aenean lectus.",45.84,182
395,Beer - Sleemans Honey Brown,Morbi quis tortor id nulla ultrices aliquet.,45.98,286
396,Bread Ww Cluster,Phasellus id sapien in sapien iaculis congue.,23.92,80
397,Bagel - Ched Chs Presliced,Aliquam non mauris.,57.76,1
398,Pork - Backfat,Nulla ac enim.,13.69,149
399,"Juice - Clamato, 341 Ml",In sagittis dui vel nisl. Duis ac nibh.,62.98,57
400,"Marsala - Sperone, Fine, D.o.c.",Integer ac leo.,18.84,74
